{"truth_time": 0.6056857109069824, "robust_time": 0.00791621208190918, "delta": 399.72227658864244}