{"truth_time": 0.6046602725982666, "robust_time": 0.07947707176208496, "delta": 33929991.48192118}