{"truth_time": 9.925834894180298, "robust_time": 10.604044198989868, "delta": 15896.962915748358}