{"truth_time": 13.801614761352539, "robust_time": 10.84982180595398, "delta": 4246.976960025364}