{"truth_time": 3.7251882553100586, "robust_time": 3.8363969326019287, "delta": 5880.608801045688}