{"truth_time": 0.5996592044830322, "robust_time": 0.006537914276123047, "delta": 1350.625854573768}