{"truth_time": 25.980682134628296, "robust_time": 379.08881282806396, "delta": 1175.7718470349937}