{"truth_time": 0.8800830841064453, "robust_time": 0.07476377487182617, "delta": 3743759.9819979016}