{"truth_time": 0.5218460559844971, "robust_time": 0.36426877975463867, "delta": 675.3009416118657}