{"truth_time": 0.8531091213226318, "robust_time": 0.012026786804199219, "delta": 1163599.3255596412}