{"truth_time": 1.8548200130462646, "robust_time": 0.0809929370880127, "delta": 1826787.6006160174}