{"truth_time": 5.803480863571167, "robust_time": 2.340193033218384, "delta": 25678917.66764173}