{"truth_time": 1.9519102573394775, "robust_time": 0.8277268409729004, "delta": 250458.73996831477}