{"truth_time": 1.5955140590667725, "robust_time": 0.06250905990600586, "delta": 1144672.924855897}