{"truth_time": 5.429874897003174, "robust_time": 0.05418515205383301, "delta": 4818.747163237296}