{"truth_time": 3.0319299697875977, "robust_time": 0.06498503684997559, "delta": 447488.9128406793}