{"truth_time": 0.6265699863433838, "robust_time": 0.1363670825958252, "delta": 146.14395103635366}