{"truth_time": 2.491060972213745, "robust_time": 0.016756057739257812, "delta": 4273.141251872308}