{"truth_time": 10.889194965362549, "robust_time": 57.90140223503113, "delta": 2.1719956047949722}