{"truth_time": 0.7475471496582031, "robust_time": 0.7045149803161621, "delta": 114.78645581934938}