{"truth_time": 0.3139781951904297, "robust_time": 0.00886392593383789, "delta": 85.71227641591207}