{"truth_time": 5.987931966781616, "robust_time": 0.6656348705291748, "delta": 2269559.329223303}