{"truth_time": 2.8031411170959473, "robust_time": 2.246541976928711, "delta": 18806.273334438993}