{"truth_time": 0.514758825302124, "robust_time": 0.19301509857177734, "delta": 16997.267676118492}