{"truth_time": 0.43827104568481445, "robust_time": 0.007482051849365234, "delta": 5332.173274898454}