{"truth_time": 0.5455417633056641, "robust_time": 0.7335901260375977, "delta": 11.281685698195815}