{"truth_time": 0.46010303497314453, "robust_time": 0.12463164329528809, "delta": 32.90434617990826}