{"truth_time": 1.9526352882385254, "robust_time": 0.13236403465270996, "delta": 8610698.32615938}