{"truth_time": 0.4530801773071289, "robust_time": 0.21435785293579102, "delta": 4822092.814385682}