{"truth_time": 51.18274688720703, "robust_time": 0.2932431697845459, "delta": 10137164983.47311}