{"truth_time": 12.659373998641968, "robust_time": 10.81580901145935, "delta": 30167461.248804316}