{"truth_time": 1.216080904006958, "robust_time": 2.5957579612731934, "delta": 659160.8731632142}