{"truth_time": 1.7775330543518066, "robust_time": 1.364387035369873, "delta": 4131.504464814439}