{"truth_time": 0.6468381881713867, "robust_time": 0.05336880683898926, "delta": 124.49368099061894}