{"truth_time": 0.7432861328125, "robust_time": 0.08396697044372559, "delta": 86381417.08406505}