{"truth_time": 0.5609631538391113, "robust_time": 0.19313693046569824, "delta": 487574.19360603567}