{"truth_time": 2.991748094558716, "robust_time": 0.023119688034057617, "delta": 110999.93652467332}