{"truth_time": 3.051218032836914, "robust_time": 1.5440030097961426, "delta": 836.970723581695}