{"truth_time": 1.106518030166626, "robust_time": 0.7603240013122559, "delta": 15464910.96617546}