{"truth_time": 0.737177848815918, "robust_time": 0.8300120830535889, "delta": 5156974.068399993}