{"truth_time": 0.3225090503692627, "robust_time": 0.17421174049377441, "delta": 212612.34039214518}