{"truth_time": 2.5303289890289307, "robust_time": 0.020008087158203125, "delta": 12182.304011094544}