{"truth_time": 12.73881483078003, "robust_time": 10.468477010726929, "delta": 4818141.5441925675}