{"truth_time": 0.29146814346313477, "robust_time": 0.0616300106048584, "delta": 286.55018816646884}