{"truth_time": 1.3196511268615723, "robust_time": 0.6342868804931641, "delta": 2034.30916090752}