{"truth_time": 0.5927622318267822, "robust_time": 0.00802159309387207, "delta": 3488.63692794498}