{"truth_time": 1.1995511054992676, "robust_time": 0.15642905235290527, "delta": 245324.02083286736}