{"truth_time": 1.1794090270996094, "robust_time": 0.04626274108886719, "delta": 5278.803397978903}