{"truth_time": 0.5680902004241943, "robust_time": 0.328261137008667, "delta": 349.37799862128986}