{"truth_time": 0.49004602432250977, "robust_time": 0.30515575408935547, "delta": 4134828.8510760292}