{"truth_time": 1.647385835647583, "robust_time": 0.012914896011352539, "delta": 45.31887248097064}