{"truth_time": 0.32240891456604004, "robust_time": 0.006577968597412109, "delta": 1381959.9342107503}