{"truth_time": 0.9368913173675537, "robust_time": 0.008980989456176758, "delta": 38.353689179733095}