{"truth_time": 0.8088722229003906, "robust_time": 0.04834485054016113, "delta": 217.6969166705751}