{"truth_time": 1.666043758392334, "robust_time": 1.8129463195800781, "delta": 3469.0103766298853}