{"truth_time": 0.30928492546081543, "robust_time": 0.012282848358154297, "delta": 132.9654272104146}