{"truth_time": 11.821801900863647, "robust_time": 1.6458728313446045, "delta": 16.25292325947953}