{"truth_time": 4.3135762214660645, "robust_time": 0.0187833309173584, "delta": 1085.2662084985905}