{"truth_time": 1.9176912307739258, "robust_time": 0.21605873107910156, "delta": 203.94389821232244}