{"truth_time": 11.15013313293457, "robust_time": 8.81867790222168, "delta": 2429941.727662325}