{"truth_time": 5.9371137619018555, "robust_time": 2.22074031829834, "delta": 22041627.66206932}