{"truth_time": 0.7112247943878174, "robust_time": 0.006361246109008789, "delta": 172.5038874481556}