{"truth_time": 1.0678048133850098, "robust_time": 0.010639190673828125, "delta": 14.657363809898243}