{"truth_time": 3.244843006134033, "robust_time": 4.372637033462524, "delta": 139.54094618750023}