{"truth_time": 0.8841309547424316, "robust_time": 1.3872721195220947, "delta": 437.3116800707596}