{"truth_time": 1.3100638389587402, "robust_time": 0.015610933303833008, "delta": 58593.65188926318}