{"truth_time": 11.90130615234375, "robust_time": 10.39078974723816, "delta": 31318.407917452045}