{"truth_time": 6.445526838302612, "robust_time": 2.792297124862671, "delta": 3619.530254076628}