{"truth_time": 0.6563568115234375, "robust_time": 0.186265230178833, "delta": 591.641167541615}