{"truth_time": 0.5935811996459961, "robust_time": 0.4705779552459717, "delta": 315.2176286812678}