{"truth_time": 2.6598410606384277, "robust_time": 0.7928690910339355, "delta": 1087.2473281753846}