{"truth_time": 4.597235918045044, "robust_time": 3.8251469135284424, "delta": 18759300.55683893}