{"truth_time": 0.7591128349304199, "robust_time": 0.12852096557617188, "delta": 320122.964084303}