{"truth_time": 3.2069990634918213, "robust_time": 0.031865835189819336, "delta": 438291.1085096025}