{"truth_time": 1.448035717010498, "robust_time": 0.12399005889892578, "delta": 5888.4642707317835}