{"truth_time": 2.331839084625244, "robust_time": 1.9031970500946045, "delta": 68458.55340706138}