{"truth_time": 0.8326270580291748, "robust_time": 0.1296548843383789, "delta": 1318.0294350820877}