{"truth_time": 0.5166089534759521, "robust_time": 0.01893305778503418, "delta": 298.3369138863304}