{"truth_time": 2.2763850688934326, "robust_time": 0.28452086448669434, "delta": 20.70815780977364}