{"truth_time": 0.5990839004516602, "robust_time": 0.6328611373901367, "delta": 56.9623129585018}