{"truth_time": 19.783000230789185, "robust_time": 25.74257183074951, "delta": 25.77068079242315}