{"truth_time": 0.3069288730621338, "robust_time": 0.008178234100341797, "delta": 43.240147370136455}