{"truth_time": 1.3456451892852783, "robust_time": 1.7674098014831543, "delta": 14.590894634461044}