{"truth_time": 0.27282094955444336, "robust_time": 0.004220247268676758, "delta": 8596791.721237648}