{"truth_time": 3.460510015487671, "robust_time": 2.883229970932007, "delta": 464.3047949177568}