{"truth_time": 21.575245141983032, "robust_time": 4.217838764190674, "delta": 1.402273167055796}