{"truth_time": 0.5173571109771729, "robust_time": 0.5051319599151611, "delta": 4.723787968353616}