{"truth_time": 5.649924278259277, "robust_time": 1.385340929031372, "delta": 67.49995399753152}