{"truth_time": 0.705590009689331, "robust_time": 0.007071971893310547, "delta": 27.12459687806296}