{"truth_time": 0.9545791149139404, "robust_time": 0.7610111236572266, "delta": 18281319.54590176}