{"truth_time": 1.5648789405822754, "robust_time": 0.12786531448364258, "delta": 25.724341747339395}