{"truth_time": 0.9271690845489502, "robust_time": 0.2975759506225586, "delta": 424.6236832550958}