{"truth_time": 12.534847974777222, "robust_time": 0.10055112838745117, "delta": 4.0392016184382555}