{"truth_time": 0.8950259685516357, "robust_time": 0.02663397789001465, "delta": 132.51044043227319}