{"truth_time": 5.441070079803467, "robust_time": 0.023821115493774414, "delta": 4870.895437930451}