{"truth_time": 0.37601685523986816, "robust_time": 0.09827709197998047, "delta": 39.02029194786546}