{"truth_time": 4.045050144195557, "robust_time": 6.2804460525512695, "delta": 11.860925730645267}