{"truth_time": 2.6959197521209717, "robust_time": 1.414815902709961, "delta": 26430543.91709453}