{"truth_time": 2.145829200744629, "robust_time": 0.014966964721679688, "delta": 126.63272743664993}