{"truth_time": 12.205706596374512, "robust_time": 0.12688326835632324, "delta": 20280.70239967086}