{"truth_time": 20.627686023712158, "robust_time": 18.006494998931885, "delta": 1127.691360037119}