{"truth_time": 1.987400770187378, "robust_time": 0.06834697723388672, "delta": 703537.1286819199}