{"truth_time": 1.229410171508789, "robust_time": 1.0715000629425049, "delta": 23.091477770967206}