{"truth_time": 0.622279167175293, "robust_time": 0.6788549423217773, "delta": 4.908740758115528}