{"truth_time": 0.34996700286865234, "robust_time": 0.009258747100830078, "delta": 2495.493405441988}