{"truth_time": 3.6635470390319824, "robust_time": 6.423864841461182, "delta": 1.9215658137314566}