{"truth_time": 11.317131042480469, "robust_time": 11.511027097702026, "delta": 15896.962915748358}