{"truth_time": 2.8107028007507324, "robust_time": 1.300429105758667, "delta": 12870.738417565291}