{"truth_time": 1.264674186706543, "robust_time": 0.6551978588104248, "delta": 39824.34151816659}