{"truth_time": 1.4394309520721436, "robust_time": 0.06045794486999512, "delta": 538385.1921728726}