{"truth_time": 0.8756661415100098, "robust_time": 0.0294342041015625, "delta": 1427.6929123322006}