{"truth_time": 1.5940361022949219, "robust_time": 0.16245794296264648, "delta": 2707.0387127739305}