{"truth_time": 0.3348352909088135, "robust_time": 0.005324840545654297, "delta": 889.8385738666905}