{"truth_time": 18.42609405517578, "robust_time": 12.889201164245605, "delta": 118.5646242233779}