{"truth_time": 2.571502923965454, "robust_time": 3.7460029125213623, "delta": 1499.5245812267422}