{"truth_time": 1.671226978302002, "robust_time": 0.02077198028564453, "delta": 415108.4925881836}