{"truth_time": 0.6050748825073242, "robust_time": 0.02349114418029785, "delta": 285041.5020041298}