{"truth_time": 20.994311809539795, "robust_time": 6.09394097328186, "delta": 108.00805322015367}