{"truth_time": 1.0841798782348633, "robust_time": 0.9157590866088867, "delta": 23.95951467540158}