{"truth_time": 0.9633030891418457, "robust_time": 0.8204338550567627, "delta": 8287585.263381764}