{"truth_time": 0.3167459964752197, "robust_time": 0.06534814834594727, "delta": 15216.1821351517}