{"truth_time": 1.7981901168823242, "robust_time": 0.2805948257446289, "delta": 97.86192558735411}