{"truth_time": 0.4341921806335449, "robust_time": 0.006050586700439453, "delta": 39201.10703153639}