{"truth_time": 3.657174825668335, "robust_time": 2.676077127456665, "delta": 794.5502280964447}