{"truth_time": 0.6764469146728516, "robust_time": 0.787329912185669, "delta": 89122.76985933204}