{"truth_time": 4.029597043991089, "robust_time": 0.07077598571777344, "delta": 192.10687665560317}