{"truth_time": 3.673588991165161, "robust_time": 0.08003616333007812, "delta": 692599.9623504558}