{"truth_time": 4.24000096321106, "robust_time": 0.9188661575317383, "delta": 283.10919848772915}