{"truth_time": 4.38345193862915, "robust_time": 5.1674439907073975, "delta": 53.12650048809746}