{"truth_time": 30.428627967834473, "robust_time": 459.4089858531952, "delta": 906.1702352893335}