{"truth_time": 2.898956060409546, "robust_time": 1.5101609230041504, "delta": 548.7189682912413}