{"truth_time": 0.7640082836151123, "robust_time": 0.014453887939453125, "delta": 4601.747208462337}