{"truth_time": 0.33504199981689453, "robust_time": 0.050887107849121094, "delta": 29.24315628870876}