{"truth_time": 0.4986751079559326, "robust_time": 0.4142889976501465, "delta": 122.25320499373024}