{"truth_time": 0.3840160369873047, "robust_time": 0.08345484733581543, "delta": 10163.955384146288}