{"truth_time": 2.9541890621185303, "robust_time": 2.313023090362549, "delta": 6044.221444249619}