{"truth_time": 1.2481458187103271, "robust_time": 0.018388986587524414, "delta": 734642858.496083}