{"truth_time": 0.9811699390411377, "robust_time": 0.40247607231140137, "delta": 659.6933725213166}