{"truth_time": 35.50536108016968, "robust_time": 10.7444908618927, "delta": 15089.838077676948}