{"truth_time": 11.319804906845093, "robust_time": 12.897953033447266, "delta": 428138.98041061684}