{"truth_time": 2.2303829193115234, "robust_time": 2.9228899478912354, "delta": 500942.26581089525}