{"truth_time": 0.6389918327331543, "robust_time": 0.009531974792480469, "delta": 9432.708496536303}