{"truth_time": 2.3750619888305664, "robust_time": 0.0263059139251709, "delta": 184424.9452069898}