{"truth_time": 1.7121641635894775, "robust_time": 1.3731060028076172, "delta": 59.880633549246795}