{"truth_time": 3.5473618507385254, "robust_time": 1.4434421062469482, "delta": 18841567.159327626}