{"truth_time": 11.647840976715088, "robust_time": 0.11054277420043945, "delta": 253.63533636829823}