{"truth_time": 0.4909853935241699, "robust_time": 0.17114663124084473, "delta": 487574.19360603567}