{"truth_time": 1.4540431499481201, "robust_time": 0.15926408767700195, "delta": 63.79860621833086}