{"truth_time": 11.313133716583252, "robust_time": 3.619144916534424, "delta": 7.84588369810524}