{"truth_time": 2.666984796524048, "robust_time": 0.01636505126953125, "delta": 1939.678858376229}