{"truth_time": 1.0900328159332275, "robust_time": 1.5598289966583252, "delta": 485164.8480009389}