{"truth_time": 0.8143048286437988, "robust_time": 0.7303910255432129, "delta": 2230.087226826883}