{"truth_time": 43.34705877304077, "robust_time": 22.47204828262329, "delta": 20535.675556233386}