{"truth_time": 12.168050050735474, "robust_time": 10.59163212776184, "delta": 153647.98151065456}