{"truth_time": 0.24950504302978516, "robust_time": 0.14466261863708496, "delta": 299046.4454570875}