{"truth_time": 0.3380930423736572, "robust_time": 0.04993414878845215, "delta": 233.3375558834523}