{"truth_time": 0.46224379539489746, "robust_time": 0.0665132999420166, "delta": 2688.667267085294}