{"truth_time": 0.9101500511169434, "robust_time": 0.05853390693664551, "delta": 312.04999361103273}