{"truth_time": 2.791494846343994, "robust_time": 0.21661114692687988, "delta": 2450.8912673791638}