{"truth_time": 4.439861059188843, "robust_time": 2.3821611404418945, "delta": 1594.73950357592}