{"truth_time": 1.0603978633880615, "robust_time": 0.015154123306274414, "delta": 1186093.7219819347}