{"truth_time": 0.23856091499328613, "robust_time": 0.008018016815185547, "delta": 49.94042074692232}