{"truth_time": 1.5835819244384766, "robust_time": 0.12855195999145508, "delta": 7551.441254790094}