{"truth_time": 0.8960928916931152, "robust_time": 0.08708310127258301, "delta": 2497174.5478998967}