{"truth_time": 1.9326982498168945, "robust_time": 0.3616158962249756, "delta": 55.58085856952039}