{"truth_time": 0.7756989002227783, "robust_time": 0.7117609977722168, "delta": 252.07229982140734}