{"truth_time": 2.522430896759033, "robust_time": 0.03447914123535156, "delta": 1046252.7121755697}