{"truth_time": 0.6690981388092041, "robust_time": 0.7410728931427002, "delta": 10.547684881428722}