{"truth_time": 1.6018919944763184, "robust_time": 0.8122830390930176, "delta": 40.790881844535306}