{"truth_time": 13.628051042556763, "robust_time": 0.10733509063720703, "delta": 18341.196389223478}