{"truth_time": 0.7574958801269531, "robust_time": 0.844595193862915, "delta": 31.337281319188737}