{"truth_time": 1.2828688621520996, "robust_time": 0.015990018844604492, "delta": 80985.2011535202}