{"truth_time": 0.38123583793640137, "robust_time": 0.284534215927124, "delta": 195.82894561619588}