{"truth_time": 2.6375417709350586, "robust_time": 0.8200061321258545, "delta": 975.4403942058304}