{"truth_time": 2.815303087234497, "robust_time": 3.600442886352539, "delta": 936.6328958570957}