{"truth_time": 1.7547180652618408, "robust_time": 2.428375005722046, "delta": 107.6206526814658}