{"truth_time": 0.6254491806030273, "robust_time": 0.39829373359680176, "delta": 78.03660597812109}