{"truth_time": 0.7976560592651367, "robust_time": 0.267963171005249, "delta": 8363796.047055269}