{"truth_time": 2.412724018096924, "robust_time": 3.501255989074707, "delta": 1358.9686534416815}