{"truth_time": 0.7272238731384277, "robust_time": 0.6645450592041016, "delta": 4653.752564196162}