{"truth_time": 0.7630391120910645, "robust_time": 0.27141499519348145, "delta": 9021403.045692854}