{"truth_time": 0.2614579200744629, "robust_time": 0.009452104568481445, "delta": 12.344922723413674}