{"truth_time": 1.2669758796691895, "robust_time": 0.8785841464996338, "delta": 1239906.3032080154}