{"truth_time": 0.8008129596710205, "robust_time": 0.07683801651000977, "delta": 303.91953863573394}