{"truth_time": 2.1527647972106934, "robust_time": 1.7191941738128662, "delta": 105.65699310779837}