{"truth_time": 0.37323904037475586, "robust_time": 0.005505084991455078, "delta": 587.5010806588349}