{"truth_time": 0.2602381706237793, "robust_time": 0.020128965377807617, "delta": 44.41162918045165}