{"truth_time": 1.326256275177002, "robust_time": 0.061846017837524414, "delta": 1099956.5946280244}