{"truth_time": 2.284675121307373, "robust_time": 2.0688397884368896, "delta": 11766122.230069771}