{"truth_time": 7.514169216156006, "robust_time": 0.08111000061035156, "delta": 725.1940071658464}