{"truth_time": 3.0238759517669678, "robust_time": 0.027426958084106445, "delta": 262631.89331467915}